names:,images:,prices:
Smart TV HD Samsung Série 4 LED 32 polegadas UN32J4300AG,https://imagebuscape-a.akamaihd.net/material/loader/ring.svg,999
Smart TV Full HD Samsung LED 43 polegadas UN43J5200,https://imagebuscape-a.akamaihd.net/material/loader/ring.svg,1500.05
Smart TV 4K Ultra HD Samsung LED 58 polegadas UN58MU6120G,https://imagebuscape-a.akamaihd.net/material/loader/ring.svg,3299.99
Smart TV 4K Ultra HD Samsung LED 43 polegadas UN43MU6100G,https://imagebuscape-a.akamaihd.net/material/loader/ring.svg,2099
TV HD Samsung LED 32 polegadas HG32ND450SG,https://imagebuscape-a.akamaihd.net/material/loader/ring.svg,869
Smart TV HD LG LED 32 polegadas 32LJ600B,https://imagebuscape-a.akamaihd.net/material/loader/ring.svg,998.82
Smart TV 4K Ultra HD Samsung LED Curva 49 polegadas UN49MU6300G,https://imagebuscape-a.akamaihd.net/material/loader/ring.svg,2299
Smart TV 4K Ultra HD Samsung LED 49 polegadas UN49MU6120G,https://imagebuscape-a.akamaihd.net/material/loader/ring.svg,2799.9
Smart TV 4K Ultra HD Philips Série 6000 LED 50 polegadas 50PUG6102,https://imagebuscape-a.akamaihd.net/material/loader/ring.svg,2099.99
Smart TV 4K Ultra HD LG LED 43 polegadas 43UJ6565,https://imagebuscape-a.akamaihd.net/material/loader/ring.svg,1804.05
Smart TV HD Samsung LED 32 polegadas HG32NE595JG,https://imagebuscape-a.akamaihd.net/material/loader/ring.svg,999
Smart TV Full HD LG LED 43 polegadas 43LJ5550,https://imagebuscape-a.akamaihd.net/material/loader/ring.svg,1599
Smart TV 4K Ultra HD Samsung LED 40 polegadas UN40MU6100G,https://imagebuscape-a.akamaihd.net/material/loader/ring.svg,1749
TV HD LG LED 32 polegadas 32LW300C,https://imagebuscape-a.akamaihd.net/material/loader/ring.svg,849
Smart TV Full HD LG LED 49 polegadas 49LJ5550,https://imagebuscape-a.akamaihd.net/material/loader/ring.svg,1994.05
Smart TV HD AOC LED 32 polegadas LE32S5970,https://imagebuscape-a.akamaihd.net/material/loader/ring.svg,949.05
Smart TV 4K Ultra HD Samsung LED 49 polegadas UN49MU6100G,https://imagebuscape-a.akamaihd.net/material/loader/ring.svg,2399
Smart TV HD Philco LED 32 polegadas PTV32E20DSGWA,https://imagebuscape-a.akamaihd.net/material/loader/ring.svg,969.9
TV HD Philco LED 39 polegadas PTV39N91D,https://imagebuscape-a.akamaihd.net/material/loader/ring.svg,1044.99
Smart TV 4K Ultra HD LG LED 49 polegadas 49UJ6525,https://imagebuscape-a.akamaihd.net/material/loader/ring.svg,2399
Smart TV 4K Ultra HD LG LED 49 polegadas 49UJ6300,https://imagebuscape-a.akamaihd.net/material/loader/ring.svg,2184.05
Smart TV Full HD Panasonic Viera LED 40 polegadas TC-40DS600B,https://imagebuscape-a.akamaihd.net/material/loader/ring.svg,1349
TV HD Samsung Série 4 LED 32 polegadas UN32J4000AG,https://imagebuscape-a.akamaihd.net/material/loader/ring.svg,869
Smart TV Full HD Samsung LED 40 polegadas UN40J5200,https://imagebuscape-a.akamaihd.net/material/loader/ring.svg,1449
